{
  "scenario": "held-xmin",
  "rows": [
    {
      "tick_period_ms": 100,
      "rate_eps": 1000,
      "duration_s": 300.00017162899996,
      "sent": 300000,
      "received": 300000,
      "p50_ms": 53.83014678955078,
      "p95_ms": 100.18181800842285,
      "p99_ms": 104.72607612609863,
      "max_ms": 235.55588722229004,
      "mean_ms": 54.032915080388385
    }
  ]
}