{
  "scenario": "held-xmin",
  "rows": [
    {
      "tick_period_ms": 100,
      "rate_eps": 1000,
      "duration_s": 60.00015414899997,
      "sent": 60000,
      "received": 60000,
      "p50_ms": 52.60300636291504,
      "p95_ms": 98.95706176757812,
      "p99_ms": 103.40499877929688,
      "max_ms": 143.76401901245117,
      "mean_ms": 52.75166385571162
    }
  ]
}